{"type": "block", "layer": 0, "block": 0, "features": [{"geom": {"lines": [[-98.26861515495693, 303.0612066742033, 1523.931396484375, -105.69958096533082, 115.4157267799601, 1560.3768310546875, -115.52255737764062, 21.180052055045962, 1590.6392822265625, -112.77710615895921, -71.6290048379451, 1629.8216552734375, -118.97330794442678, -164.186597536318, 1673.041748046875, -115.92549908696674, -246.3066917937249, 1714.84130859375, -127.53742800833425, -340.49705330561846, 1757.77685546875, -122.75153259356739, -424.45192102715373, 1800.304931640625, -98.29253814340336, -508.9639749089256, 1826.129150390625, -88.03992221393855, -589.5085777360946, 1820.817626953125, -73.95821505429922, -661.2450053989887, 1820.3839111328125]]}, "mtl": {"idx": 0}}], "featureCount": 1, "startIndex": 0}