{"type": "block", "layer": 2, "block": 0, "features": [{"geom": {"triangles": {"v": [-102.76912912394619, 332.60261924751103, 1525.93994140625, -103.45662912394619, 303.10261924751103, 1525.93994140625, -82.76912912394619, 332.10261924751103, 1530.93994140625, -83.48787912394619, 302.60261924751103, 1530.93994140625], "f": [0, 1, 2, 1, 3, 2]}, "centroids": [[-93.11616132315248, 317.46397933829576, 1530.94]]}, "mtl": {"idx": 0}}, {"geom": {"triangles": {"v": [-82.64412912394619, 331.60261924751103, 1530.93994140625, -83.36287912394619, 302.10261924751103, 1530.93994140625, -62.644129123946186, 331.10261924751103, 1525.93994140625, -63.362879123946186, 301.60261924751103, 1525.93994140625], "f": [0, 1, 2, 1, 3, 2]}, "centroids": [[-73.00721667148173, 316.7589401192963, 1530.94]]}, "mtl": {"idx": 0}}], "featureCount": 2, "startIndex": 0}