{"type": "block", "layer": 3, "block": 0, "features": [{"geom": {"polygons": [[[[-97.44162163865985, 332.31487158313394], [-68.08226104307687, 331.48495693318546], [-68.90912143787136, 302.23128825984895], [-98.26861515495693, 303.0612066742033], [-97.44162163865985, 332.31487158313394]]]], "centroids": [[-83.17540513107087, 317.2730698073283, 1484.772705078125]], "h": 40.0}, "mtl": {"idx": 0, "edge": 1}}], "featureCount": 1, "startIndex": 0}